{"schemaVersion":"1.0","appDefinitionTemplate":{"id":"/providers/Microsoft.PowerApps/apps/","type":"Microsoft.PowerApps/apps","tags":{"primaryDeviceWidth":"640","primaryDeviceHeight":"1136","sienaVersion":"20200913T224627Z-3.20085.19.0","deviceCapabilities":"","supportsPortrait":"true","supportsLandscape":"false","primaryFormFactor":"Phone","publisherVersion":"3.20085.19","minimumRequiredApiVersion":"2.2.0","hasComponent":"false","hasUnlockedComponent":"false","isUnifiedRootApp":"false"},"properties":{"appVersion":"2020-09-13T22:46:27Z","lifeCycleId":"Published","createdByClientVersion":{"major":3,"minor":20085,"build":19,"revision":0,"majorRevision":0,"minorRevision":0},"minClientVersion":{"major":3,"minor":20085,"build":19,"revision":0,"majorRevision":0,"minorRevision":0},"backgroundColor":"rgba(0, 176, 240, 1)","backgroundImageUri":"/10112775299802900575/N28ccb3cb-16a2-472f-9251-2a4a4f09dbb8-logoSmallFile","displayName":"H Hospital Staffing - MSA App","description":"","commitMessage":"","appUris":{"documentUri":{"value":"/10112775299802900575/N9595b940-268b-4839-a8a3-1ef6eff98fec-document.msapp","readonlyValue":"/10112775299802900575/N9595b940-268b-4839-a8a3-1ef6eff98fec-document.msapp"},"imageUris":[]},"createdTime":"0001-01-01T00:00:00Z","lastModifiedTime":"0001-01-01T00:00:00Z","sharedGroupsCount":0,"sharedUsersCount":0,"icons":{"smallIconUri":"/10112775299802900575/N82feb2f1-803b-4491-8613-1068f0e75c8a-small.png","mediumIconUri":"/10112775299802900575/N0f4cfd24-8428-4a5e-9e13-7e791f02931a-medium.png","largeIconUri":"/10112775299802900575/Nc6c313ed-6493-4791-9426-1316d3deb719-large.png","wideIconUri":"/10112775299802900575/N1a5f34d9-1c4e-4004-9d9e-6719dad09c6c-wide.png"},"connectionReferences":{"727287f9-7618-4d7f-bd36-3a58f6ff10bf":{"id":"381c16d0-9e55-402d-ab09-4929f0230b72","displayName":"Excel","iconUri":"https://connectoricons-prod.azureedge.net/excel/icon_1.0.1352.2014.png","dataSources":["Table1"],"dependencies":["cf5121bd-bfb2-4466-89e0-397fab638e5b"],"dependents":[],"parameterHints":{"cf5121bd-bfb2-4466-89e0-397fab638e5b":{"value":"fileSource"}},"isOnPremiseConnection":false,"dataSets":{"b!hg3rzyTIKkmD117YO-SjFQwZUmg6kGxMlHo05XHHsD9mpUjrq29FQYMMv0Rzmh20.015VGFGE5V3OLFSDDYEZBIGEJVGDZXTJGP":{"dataSources":{"Table1":{"tableName":"Table1"}}}},"apiTier":"Standard","isCustomApiConnection":false},"cf5121bd-bfb2-4466-89e0-397fab638e5b":{"id":"024ca24e-e939-44d4-91c6-f36379985446","displayName":"OneDrive for Business","iconUri":"https://connectoricons-prod.azureedge.net/onedriveforbusiness/icon_1.0.1341.1987.png","dataSources":[],"dependencies":[],"dependents":["727287f9-7618-4d7f-bd36-3a58f6ff10bf"],"parameterHints":{},"isOnPremiseConnection":false,"dataSets":{},"apiTier":"Standard","isCustomApiConnection":false},"fdf4fe5c-e3b0-45ff-a17f-1208477c6c89":{"id":"b41991ba-b456-4977-afdc-cbeeeee64c00","displayName":"Office 365 Outlook","iconUri":"https://connectoricons-prod.azureedge.net/releases/v1.0.1385/1.0.1385.2110/office365/icon.png","dataSources":["Office365Outlook"],"dependencies":[],"dependents":[],"parameterHints":{},"isOnPremiseConnection":false,"dataSets":{},"apiTier":"Standard","isCustomApiConnection":false},"ac70b946-4bb2-4472-b1a4-2b8c08c0bcb7":{"id":"df8d0efe-1985-4589-b8aa-64836def453c","displayName":"Office 365 Users","iconUri":"https://connectoricons-prod.azureedge.net/releases/v1.0.1385/1.0.1385.2110/office365users/icon.png","dataSources":["Office365Users"],"dependencies":[],"dependents":[],"parameterHints":{},"isOnPremiseConnection":false,"dataSets":{},"apiTier":"Standard","isCustomApiConnection":false}},"databaseReferences":{},"almMode":"Environment","performanceOptimizationEnabled":true,"canConsumeAppPass":true},"isAppComponentLibrary":false,"appType":"ClassicCanvasApp","appComponents":[]}}